period,customer_demand,retailer_orders,distributor_orders,manufacturer_orders
2026-01-04,100,102,105,108
2026-01-11,115,120,124,128
2026-01-18,108,112,116,120
2026-01-25,130,138,145,152
2026-02-01,125,130,136,142
2026-02-08,150,158,168,178
2026-02-15,140,145,153,162
2026-02-22,155,165,176,188
2026-03-01,145,150,160,171
2026-03-08,170,182,195,208
2026-03-15,160,168,180,191
2026-03-22,180,194,210,225
2026-03-29,175,185,202,216
2026-04-05,190,205,224,242
2026-04-12,165,172,188,202
2026-04-19,200,218,238,258
2026-04-26,185,192,210,228
2026-05-03,210,230,252,274
2026-05-10,195,205,226,246
2026-05-17,220,242,266,288
2026-05-24,205,215,235,255
2026-05-31,230,255,282,305
2026-06-07,215,225,248,270
2026-06-14,240,268,295,320