"ML2","ML1"
-1.59575615706369,0.287118105004759
-0.317925060699003,0.388648557437943
0.515682246095308,0.531376080581715
-0.280192936588466,-0.77992584790907
1.0028270724655,0.335551252194293
-1.12533457435207,-0.816234882216135
0.00496501164343238,-0.74029956083462
0.611370646063551,-0.233873715221798
1.44029768500258,-1.15681264864481
-0.261505248054542,-0.19931547052895
-0.412779475018511,-0.819157696274967
-0.407632867256349,-0.227806290354903
0.181708445620167,-1.77449751883985
0.959696885057601,-0.85598252886841
1.01752538529996,0.292978843471702
1.65685651698662,-0.812410532462417
0.820294659516782,1.88765268138507
-0.630111522879179,1.66505565829186
0.180878613767145,0.319411303532388
-0.96805804595998,0.951366636462955
-1.81213095936017,-0.931916823148375
-0.129425004377574,-0.13782594568241
-0.263456002833353,-0.535313592112523
-2.31808688776962,0.710908094249339
-0.401377907148436,-0.907520408827045
0.0889802715411389,2.81910226681464
0.93053319920155,0.593396928352276
-1.03443103597321,-0.441330276149272
1.36670874031179,1.08546282687676
1.17987830676103,-0.497805496580137
